{
    "center_map": [
         46.074779,
         11.121749
    ],
    "zoom_map": 18
}